name,prefix,created_at
IPEX,IPEX,2025-06-26T07:50:00
REGE,REGE,2025-06-26T07:50:00
STHIL,STHIL,2025-06-26T07:50:00
ASPN,ASPN,2025-06-26T07:50:00
CANT,CANT,2025-06-26T07:50:00
CARP,CARP,2025-06-26T07:50:00
CAPR,CAPR,2025-06-26T07:50:00
CONC,CONC,2025-06-26T07:50:00
COUR,COUR,2025-06-26T07:50:00
GILM/COUR,GILM/COUR,2025-06-26T07:50:00
COUR/GILM,COUR/GILM,2025-06-26T07:50:00
CRED,CRED,2025-06-26T07:50:00
DRJH,DRJH,2025-06-26T07:50:00
EVER,EVER,2025-06-26T07:50:00
FORE,FORE,2025-06-26T07:50:00
FOUR,FOUR,2025-06-26T07:50:00
GILM,GILM,2025-06-26T07:50:00
GRAN,GRAN,2025-06-26T07:50:00
HAWT,HAWT,2025-06-26T07:50:00
HAWT/HERI,HAWT/HERI,2025-06-26T07:50:00
HAZE,HAZE,2025-06-26T07:50:00
HERI,HERI,2025-06-26T07:50:00
CONC/HERI,CONC/HERI,2025-06-26T07:50:00
HOLL,HOLL,2025-06-26T07:50:00
PALE,PALE,2025-06-26T07:50:00
PORT,PORT,2025-06-26T07:50:00
RHILL,RHILL,2025-06-26T07:51:00
RICH,RICH,2025-06-26T07:51:00
ROXB,ROXB,2025-06-26T07:51:00
SHOR,SHOR,2025-06-26T07:51:00
STOU,STOU,2025-06-26T07:51:00
THOR,THOR,2025-06-26T07:51:00
VILL,VILL,2025-06-26T07:51:00
WHIT,WHIT,2025-06-26T07:51:00
WINT,WINT,2025-06-26T07:51:00
VERVE,VERVE,2025-06-26T07:51:00
V_RECUR,V_RECUR,2025-06-26T07:51:00
RIVE,RIVE,2025-06-26T15:51:00
MDP,MDP,2025-06-26T15:51:00
Don Mills,DONM,2025-08-16T04:28:00
STAAK,STAAK,2025-10-20T00:49:00
The Park,PARK,2025-11-04T18:43:00
Terrier Construction,TERR,2025-11-12T17:55:00
Wagyu Philippines,WAGY,2026-01-13T02:44:00
DR. R. Gonzales,DRRG,2026-01-13T02:45:00
Spring Living,SPRNG,2026-01-19T01:06:00
